{"cameraMode":{"drawMode":0,"name":"Shaded","section":"Shading Mode"},"sceneLighting":true,"audioPlay":false,"sceneViewState":{"m_AlwaysRefresh":true,"showFog":true,"showSkybox":true,"showFlares":true,"showImageEffects":true,"showParticleSystems":true,"showVisualEffectGraphs":true,"m_FxEnabled":true},"in2DMode":false,"pivot":{"x":-8.916985511779786,"y":0.5063282251358032,"z":-0.11060330271720886},"rotation":{"x":-0.017582984641194345,"y":0.7077317237854004,"z":-0.017624033614993097,"w":-0.7060376405715942},"size":5.515492916107178,"orthographic":false}