{"cameraMode":{"drawMode":0,"name":"Shaded","section":"Shading Mode"},"sceneLighting":true,"audioPlay":false,"sceneViewState":{"m_AlwaysRefresh":false,"showFog":true,"showSkybox":true,"showFlares":true,"showImageEffects":true,"showParticleSystems":true,"showVisualEffectGraphs":true,"m_FxEnabled":true},"in2DMode":false,"pivot":{"x":-1.117247223854065,"y":1.7914214134216309,"z":0.774430513381958},"rotation":{"x":0.010808353312313557,"y":0.01349362637847662,"z":-0.00014528611791320145,"w":0.9998523592948914},"size":1.7232789993286133,"orthographic":false}